instrument,run_name,run_id,operator
erik,E-27,531a46df-372b-44cb-bb96-0555c055427c,Magda
erik,E-28,645b2309-fad3-45e5-9354-1cb2bd977e8a,Magda
erik,E-29,e9746bd5-e9b7-4736-a6db-8a2ea403b943,Magda
erik,E-30,ddace2b4-6357-47db-b0c3-1fee75ca1a9d,Magda
erik,E-32,7ff22f1b-91fb-4ec3-9a72-8922f06544e4,Magda
erik,E-33,b673a5cc-872a-49ba-9f03-33706a9b5b2e,Magda
erik,E-34,7de00b64-a57a-4c3d-b7b9-0ced6d0260f1,Magda
erik,E-35,27d2cdf3-b8ec-4a27-9da7-324d3bf12e26,Magda
erik,E-36,bddc7599-e9f2-4490-a481-424735483fa5,Magda
erik,E-37,9a24fea0-f81a-4fe9-bef3-1d1f72b44a16,Magda
erik,E-38,140cde60-66ad-445a-a01c-deb202af87cc,Magda
erik,E-39,52b7f7a6-b619-4cc2-a042-a41ce7dfe210,Magda
erik,E-40,bdbd2475-88b6-4244-829c-ee3c23a5a3c0,Magda
erik,E-44,00f49334-8a77-4d92-85f6-e38f7fdce78d,Magda
erik,E-45,ac0685c9-22bc-48af-9e03-28f744522521,Magda
erik,E-46,7b419159-537f-4cec-992b-704bd784ea7a,Magda
erik,E-47,7b6f78cd-376b-41d5-ad0b-b933ed9a2dab,Magda
erik,E-48,da5633bd-7767-419d-9ee3-1e8c6374381e,Magda
erik,E-49,ddbacce6-8151-479a-aa8d-0d93ca9bd952,Magda
erik,E-50,cd4706a5-be75-4ec4-b80c-e8d1a7d5308b,Magda
erik,E-51,bd82df16-301f-435b-adfb-2af055c21064,Magda
erik,E-52,8991a57e-f159-461c-959d-20d0bbd70457,Magda
erik,E-53,6650fbfc-8314-4522-8478-2065ab9187bb,Magda
erik,E-54,ef432b8d-e061-4a37-8196-0d575878ccec,Magda
erik,E-55,2e5721e6-0e5a-4100-ae48-e4db9bc43a21,Magda
erik,E-56,f2b528f6-0b66-43cf-8a80-ae6e0ba9f963,Magda
erik,E-57,371b64b0-cc78-4339-91d3-ecbdcd535ace,Magda
erik,E-58,f2b528f6-0b66-43cf-8a80-ae6e0ba9f963,Magda
erik,E-63,f0d9ae1d-d114-459a-96fc-03f1f743730d,Magda
erik,E-64,aa0e6c45-bc93-47d5-b4d1-d900e9e1112e,Magda
erik,E-65,a79a4a69-7aea-44aa-afdb-24ad0730ddf6,Magda
erik,E-66,6e98f06d-ab94-4533-9acb-9f5b8c4405f4,Magda
erik,E-68,263bd787-a1e1-4a22-9f68-0f16c2739ea9,Magda
erik,E-69,f2a36a87-9944-4b82-b4aa-9df8d079ae3e,Magda
erik,E-70,0a928497-c0ec-4078-b582-9ed5a5b3f975,Magda
erik,E-71,15fa2136-ca04-466d-8853-401c3163ba10,Magda
erik,E-76,7f056ef5-62d5-4009-8590-6f15d902c771,Magda
erik,E-77,699e34e9-812a-4c46-b028-7defa0cae05f,Magda
erik,E-78,bc9a9138-8f10-475b-9480-be42f4fd17a2,Magda
erik,E-79,1d7dee64-51c2-43cf-89c0-a6590c601740,Magda
erik,E-80,8494e2c8-907f-4b11-993a-d6d074a1999f,Magda
erik,E-81,a2ff41d6-2a2f-47a1-b848-16fcd82942b0,Magda
erik,E-82,874501c5-45b1-47ea-b75c-390af5efcaf0,Magda
erik,E-83,15c268c4-4ff8-4c1a-aa20-2b8414b7bc48,Magda
erik,E-84,359f78e9-346d-42f7-a696-08084ad8c136,Magda
erik,E-85,a5a21e88-4aff-42fb-9a4e-2ffa00523b16,Magda
erik,E-86,eefab5c0-a134-4371-8edf-7605464df640,Magda
erik,E-87,95a2affc-5303-41ac-9f97-fbc2243ce008,Magda
erik,E-88,7f670c7d-b45b-4c13-9994-4721324ede2c,Magda
erik,E-89,50014e62-de5f-4b2c-80a4-7f1361adcc13,Magda
erik,E-90,35f77c65-ac53-4197-b1e7-1b2b75e03ef7,Magda
erik,E-91,c6e89720-12dc-467f-bd07-11cafb4659d7,Magda
erik,E-92,bc93d241-e2bd-4fbf-b8d5-e2816f7560d6,Magda
erik,E-93,0f3b381d-9c5a-4fe2-bcee-a76cfdabd619,Magda
erik,E-94,ac218079-50bd-460c-bf24-630f1b3a3db6,Magda
erik,E-95,0c814d4b-a17d-4469-adff-1e8ab25b6eac,Magda
erik,E-96,d5f1bfba-f20e-4690-a65f-f5db193feeae,Magda
erik,E-97,33d7f422-4c30-469b-857b-49a9065a44eb,Magda
erik,E-98,09b790a4-89ec-4528-bd90-323a7b722519,Magda
erik,E-99,64dc1283-4c6a-4156-86a8-368234adca6e,Magda
erik,E-100,8c794dab-1bdb-4e89-b9a1-c6d046002bdb,Magda
erik,E-101,65da3277-7d0d-4485-b69b-cfa91f1da605,Magda
erik,E-102,79eddcb9-870a-4410-9551-64afcdea5bf3,Magda
erik,E-103,59b131aa-36e0-4065-8d65-69da66605be8,Magda
erik,E-104,a008eb02-4613-4821-a755-6bb89d836931,Magda
erik,E-105,20d50d3a-8df0-40b0-8194-fce5db5a594a,Magda
erik,E-106,909c8393-98a6-47d8-9d5c-b23797f641cf,Magda
erik,E-107,99e9e1a2-d277-436e-b5be-e7ee77039e64,Magda
erik,E-108,b21d2bde-8ee7-4ef4-9167-79039be96a4d,Magda
erik,E-109,b8136739-3be9-4448-b174-1471935c5687,Magda
erik,E-110,ffe3ed30-bbde-4800-8263-6ba5bd11c2b0,Magda
erik,E-111,bd7c3f72-43a2-4228-9e9f-f6ab9f2f150d,Magda
erik,E-112,4cd2a097-8470-4bf2-b583-a34e427c439a,Magda
erik,E-118,5e0202c4-9704-40b4-af5f-959f26cd7c3c,Magda
erik,E-119,c1b3205c-999d-484f-bdf9-614080b98b4b,Magda
erik,E-120,c0d6b181-2b3e-40e8-8071-b692224cdd1c,Magda
erik,E-121,b2dfce6e-644c-4f34-98ea-54f142c1a1b6,Magda
erik,E-122,4a188d3a-c1dc-4365-a01e-fb35cd8ec1af,Magda
erik,E-123,4badf240-33eb-45d5-8443-c9c08f1accd7,Magda
erik,E-124,086dcfd1-2048-4c19-b4e2-3fad013c730d,Magda
erik,E-125,e9bd101d-ca0d-4e7d-9da2-945a39879d47,Magda
erik,E-126,c4841884-4cee-4a6e-a906-f95b12d1a578,Magda
erik,E-127,43b30918-f775-40dc-8b42-410a134387fa,Maddy
erik,E-128,7e607408-6711-4d95-aea5-6a49f4715335,Maddy
erik,E-129,6426e64e-6965-428e-9e26-f7fe37ea3464,Maddy
erik,E-130,3c37e3a0-b8f4-40a8-96e6-f04884bde049,Maddy
erik,E-131,bb1dddcd-b5fc-4bea-96df-bc94a7a580df,Maddy
erik,E-132,23db822f-f780-4a55-99c4-93eafe9c561b,Maddy
erik,E-133,7b92368f-f336-4246-a75e-54575cc6f7df,Maddy
erik,E-134,422c8758-0abc-471f-bdd6-28a7f9164ea5,Maddy
erik,E-135,a3e8f17e-da11-4cc3-ad15-1e72042de6b9,Maddy
erik,E-137,61ac01d8-2617-4122-aaf3-79bd2c4006b3,Magda
erik,E-138,2818d6fd-d78b-4c62-961d-15eba514fd82,Magda
erik,E-139,841c7e05-3a20-493a-85d2-52009eb129d4,Magda
erik,E-140,5e3ad072-e6f3-4a08-9bea-d8e258b32195,Magda
erik,E-141,ef176832-3b58-45ef-91f6-aa96f7c8f2c4,Magda
erik,E-142,968405cc-7701-4c3d-b641-7e2637fd366e,Magda
erik,E-143,4b9d0060-548f-4b92-8803-e896556b498f,Magda
erik,E-144,23da21f7-226c-4f3c-a972-3c629f512e68,Magda
erik,E-145,6abe4981-31f8-49d8-8870-da28fae9ba7b,Magda
erik,E-146,58f13943-a0cc-4633-9c6f-2691dd814212,Magda
erik,E-147,a8b5f788-b095-493f-8504-78141126efbc,Magda
erik,E-148,2af8eab0-b542-4abb-b529-e576d007cc18,Magda
erik,E-149,641ada8b-c841-4146-91e6-e7f19daea6d1,Magda
erik,E-150,5eb744b9-53b1-47f1-99ee-1b8e7e9bc143,Magda
erik,E-151,a9eaf7fa-303c-4570-a538-974abefa6513,Magda
erik,E-152,c307e556-338c-464a-87c9-3e87efa8d226,Magda
erik,E-153,e11e08a8-df9a-4b52-8569-724f88df159f,Magda
erik,E-154,ab09be92-28f4-4de4-a6e5-14dd255d6734,Magda
erik,E-155,88f880cc-8953-4fbe-8c5f-d48d04e5ddeb,Magda
erik,E-156,ae256148-35e1-42df-a685-787968518143,Magda
erik,E-157,4ebf8439-ea9f-4bb7-9543-907944cd4131,Magda
erik,E-158,360fe151-9b41-4589-b991-342d78d427a9,Magda
erik,E-159,ea9b2304-11b9-4835-8c58-5f5932c7606a,Magda
erik,E-160,dd36a383-51a1-463e-85e8-319b242231fe,Magda
erik,E-161,3aae185c-10ad-4405-b7b9-37852917af89,Magda
erik,E-162,5281123a-b56b-4773-be07-c8da473b6601,Magda
erik,E-163,941256a4-0636-4f69-ae31-fe27e4643578,Magda
erik,E-164,5370bf70-e227-46f7-a53a-8d6b52928e64,Magda
erik,E-165,6536316b-545d-45a0-82da-8b7b440039df,Magda
erik,E-166,6c67509f-6e5a-4c62-8503-8a81de964cd7,Magda
erik,E-167,df196e79-b8b6-4412-a3ab-becbe63bb05a,Magda
erik,E-168,86b38518-3bb9-4dd6-ad03-845991dabfcf,Magda
erik,E-169,790d1885-91ef-40e5-ad6d-eb0eccb239a2,Magda
erik,E-170,211a20c5-7aa6-4303-bcd6-0b209fbbeb49,Magda
erik,E-171,debd0300-0bb4-45d1-aea1-ae3c37484645,Magda
erik,E-172,49a3d0e5-ccb0-453e-a9ad-63d5de5cdab8,Magda
erik,E-173,e0cbd8c0-16e6-465f-b1d5-5805d2b04824,Magda
erik,E-174,5cc08152-26fd-41c8-b47a-a5d4d68d6bf2,Magda
erik,E-175,36127301-a514-4630-879c-f6a940f53469,Magda
erik,E-176,bb6cd77a-0121-47ca-9963-43bcc5bc89b3,Magda
erik,E-177,847f7920-1225-4858-86a1-d91c7fce0790,Magda
erik,E-178,40cfe313-cfdb-4bd4-8d7c-adda5845a6fd,Magda
erik,E-179,61feaebd-756f-485c-ab7d-56f844946e3c,Magda
erik,E-180,5d1c14b3-4070-42ee-bdd6-c9482a127fb1,Magda
sigrid,S-37,b9453454-eb43-4486-9ff7-f8d75acb2ed5,Maddy
sigrid,S-39,f9297554-9c9e-4169-bdd2-79fe2d9f971d,Shrey
sigrid,S-40,1999b5a0-6db9-4709-a54d-e735dfb1c651,Shrey
sigrid,S-41,56b073a7-d5ce-48de-866f-58730fe45e34,Shrey
sigrid,S-42,433a5790-0bb3-46c9-b1b3-84f17010c5b4,Shrey
sigrid,S-43,874f74ac-aa3d-433b-8b3e-34e481b7a4da,Shrey
sigrid,S-44,4fda1077-da9a-481c-87a0-263d5637ba79,Shrey
sigrid,S-45,85dd7cdb-919c-4e87-b30b-26f5da630286,Shrey
sigrid,S-46,85dd7cdb-919c-4e87-b30b-26f5da630286,Shrey
sigrid,S-47,beb3f31c-3d18-416f-9d24-2cf482dbf7f7,Shrey
sigrid,S-48,fee58245-235a-4c55-99ec-185de6204826,Maddy
sigrid,S-51,ef49fd26-5072-41d8-9a57-cfe8d3e7a997,Magda
sigrid,S-52,c617967b-de9e-4254-a716-fbf6f24b08e2,Shrey
sigrid,S-53,29eeea9c-a1d5-429b-a17a-8dffc0d05cc2,Shrey
sigrid,S-54,4ae47a7e-d386-41bf-b755-224045a4a5a3,Shrey
sigrid,S-55,5ea717fe-8f59-47f7-960e-27376a3fdfe4,Shrey
sigrid,S-56,5a6cafbb-57a6-40f1-9d44-366ddb023db1,Shrey
sigrid,S-57,2a45b8b2-1643-4793-a349-8ccb0443d5e7,Shrey
sigrid,S-58,3d025675-52a4-42d4-bdb9-709d59082a5f,Shrey
sigrid,S-59,4f240c62-6a79-4d08-82e7-f7d6af866568,Maddy
sigrid,S-60,3f73a7ab-4657-48b7-87e1-db3f6c362da7,Maddy
sigrid,S-63,1a82a407-9ca0-443d-8de3-2fdd1b6a9af0,Shrey
sigrid,S-64,7efedb98-3251-48ed-96e2-6e0dc07c7816,Shrey
sigrid,S-65,b5f7405d-b3c8-40cc-99b5-4b3ddd0feb5e,Shrey
sigrid,S-66,186ee105-861f-4960-ac6e-3563c241d5ee,Shrey
sigrid,S-67,bb55821e-8ca6-4ee8-8f64-0981560aafcd,Shrey
sigrid,S-70,b70c31de-fad7-4600-9f76-c16cca935627,Magda
sigrid,S-71,223a5bdf-679c-4ad6-9ffa-4ca8152db05b,Magda
sigrid,S-72,99177e42-df67-4917-860c-ab4f7a6a52ce,Magda
sigrid,S-77,9c984b6b-a53e-43c7-804a-2d2666ff64d6,Shrey
sigrid,S-78,c028d316-5e5a-49c2-b092-e6f55455805d,Shrey
sigrid,S-79,afdf16e2-d817-4842-a46b-981de04290be,Shrey
sigrid,S-80,0e94f235-fa6a-4863-afa5-887c991f8eb9,Shrey
sigrid,S-81,fb4a6515-3f66-4aab-ba86-5cb10d99b025,Maddy
sigrid,S-82,61364569-0ef0-4c1a-8545-7ed8d4552050,Shrey
sigrid,S-83,b734ea7b-8b70-4f89-af57-3c45eb8fc1fe,Shrey
sigrid,S-84,f46cb30e-6a3d-409d-869a-11707f6a8b40,Shrey
sigrid,S-85,0e7e37da-f640-4a09-b971-c3e93197b3d3,Shrey
sigrid,S-86,2f15e39f-5a16-411c-ad47-b1e5415718dc,Shrey
sigrid,S-87,687041b2-65c0-48b9-8444-cb44175e791f,Shrey
sigrid,S-88,33e9d292-8684-47a7-9af3-3ab1cb906a67,Shrey
sigrid,S-89,1d96b7b1-e128-4a81-9130-06e87fa582d8,Shrey
sigrid,S-90,9c14091e-58c8-4303-ac60-3bd14c4ae446,Shrey
sigrid,S-91,b92378ae-0c01-4a15-9c8b-6d809976d2fb,Shrey
sigrid,S-92,d6727fdf-d2ab-49d3-a959-806ed60c2ce1,Shrey
sigrid,S-93,dbf92ec8-f1b1-4e4c-823a-9576ef988aa1,Shrey
sigrid,S-94,d18aafdf-e892-4674-8a71-efeef09f6628,Shrey
sigrid,S-95,5cf01b9d-5c90-45bb-a011-3f99ee43597b,Shrey
sigrid,S-96,cb52b561-3b65-4c6d-8fdb-443d9efd1cd0,Shrey
sigrid,S-97,cfd12760-2e68-4f3d-b904-f1b209f38ac2,Shrey
sigrid,S-98,705bba5d-7b1a-4c4a-b605-28b2ec9153ea,Shrey
sigrid,S-99,e28fa303-54bc-4a4a-9bed-eed3cf0f2d84,Shrey
sigrid,S-100,bc0938a4-d143-4e99-8965-0f4b87d27d75,Shrey
sigrid,S-101,7b05346f-c7ae-4ecb-88e9-9d228d83504d,Shrey
sigrid,S-102,37512816-20f1-4306-8c3b-1fa28f20a708,Shrey
sigrid,S-103,29000649-01d7-4723-899d-0006a87b02fd,Shrey
sigrid,S-104,c84a17db-cc4b-4d8b-a8e3-65613bd0a4fe,Shrey
sigrid,S-105,a7283335-99f7-4997-a659-a4bf77d2214e,Shrey
sigrid,S-106,8a201cd0-bec6-4617-aa4b-e6a291a46ce7,Shrey
sigrid,S-107,c133af0e-0d3d-4f70-87ab-8a9130c5d059,Shrey
sigrid,S-108,16fd10fb-f92c-47e7-961c-a189b6d8c73b,Shrey
sigrid,S-109,cb5ba25b-4c5d-4854-9062-7f58348c4ec2,Shrey
sigrid,S-110,1b6f3f31-c666-4579-890a-f56952ed2f83,Shrey
sigrid,S-111,a6d3a4e6-7466-4fe0-9d5f-0ed1a50a703a,Shrey
sigrid,S-112,17180a98-6ab6-4319-aba8-3df62d598378,Shrey
sigrid,S-113,323594af-d5b5-4eee-842b-f98324d50e19,Magda
sigrid,S-114,fca71ad0-e1ea-4d39-972d-0669a9e98075,Magda
sigrid,S-115,eda9d9d8-4dfa-4bec-9755-996a82b4f3b9,Magda
sigrid,S-116,84434aca-d91c-4ee6-b017-83aed2c5c211,Magda
sigrid,S-117,5b9ccff9-d2af-46f5-a812-8e62fa7c556c,Magda
sigrid,S-118,fbae1f43-9d28-466c-ad33-73cef8bd7d61,Magda
sigrid,S-119,f58c8110-cde7-4880-900d-9606f9f0ba3f,Magda
sigrid,S-120,196b4b3e-60b4-48c5-acc0-4ea93bef640c,Magda
sigrid,S-121,0156a743-3eec-4004-aef1-1402b998e0b5,Magda
sigrid,S-122,37afde04-6056-4ad5-b227-bb5fa9d12151,Shrey
sigrid,S-123,d29194da-2cff-4e98-9afa-ab5ed4d4c3b3,Shrey
sigrid,S-124,9f052fe3-d136-45d8-af31-b44eb5fe7342,Shrey
sigrid,S-125,f5cabc71-14f3-44db-bf7d-ce9dcc993e96,Shrey
sigrid,S-126,7709f63f-467f-41d8-8955-a031c7588bb3,Shrey
sigrid,S-127,002e774c-c8f5-4984-902f-2d3a844a6118,Shrey
sigrid,S-128,266050ed-591c-405b-9401-4b9a5fc94da9,Shrey
sigrid,S-129,fe59cc92-d108-4d3a-8bd5-0e8535ed679d,Shrey
sigrid,S-130,e542d08b-03a6-40f0-80ba-9a2e6f38f4dc,Shrey
sigrid,S-131,79b73826-6e39-45b5-9432-22e527ed402d,Shrey
sigrid,S-132,148babbe-b3d9-4e57-86de-55d51a119f15,Shrey
sigrid,S-133,ff897177-2bdf-4c1e-a58b-dd9d39373906,Shrey
sigrid,S-134,7d2a8e0d-4654-4ef4-9f52-fc46479cd819,Shrey
sigrid,S-135,7a689075-009f-40bd-92d6-04f2cc9dc6e5,Shrey
sigrid,S-136,80d473a7-ddf6-4372-bb12-8eeb454019b5,Shrey
sigrid,S-137,63dbe075-4cf7-4070-962a-d0c1bfbbb513,Shrey
sigrid,S-138,412e5162-f479-49ec-9ca6-34aa553f1ab3,Shrey
sigrid,S-139,06d39ab7-7762-47dd-8ed9-3641d1327aa7,Shrey
sigrid,S-140,114db4ef-9670-4d67-bd92-4815a2d3c0c8,Shrey
sigrid,S-141,985e58e1-8cec-4138-990e-654046310a42,Shrey
sigrid,S-142,eca521c5-d3f4-4ef6-9c9f-a149dcb2d761,Shrey
sigrid,S-143,45771934-cded-420c-bd26-08fcef24cd0a,Shrey
sigrid,S-144,d3926dde-d8f2-462a-8622-5d3d78bec858,Shrey
sigrid,S-145,f86828ba-f540-4e28-b117-de86b9ed20f4,Shrey
sigrid,S-146,bf15105c-fa9c-4c29-9bef-36d8af7904b6,Shrey
sigrid,S-147,a4139b5b-8279-42c5-b16a-a744480385cd,Shrey
sigrid,S-148,90ec806d-6975-4fca-9e42-e03929710de7,Shrey
sigrid,S-149,b6a295e2-4425-4adc-ac38-d23125db2e4f,Shrey
sigrid,S-150,ac0a3710-13a3-47aa-ae44-1d72ddbfb983,Shrey
sigrid,S-151,3b5d94e6-9e70-4051-b6d1-0c95fc42ff5b,Shrey
sigrid,S-152,530efbe0-c2ac-46b4-89ec-45deac2a71df,Shrey
sigrid,S-153,47300b9d-459a-47d3-866d-5dc7018a44f9,Shrey
sigrid,S-154,d6425fb0-7f8b-4ac6-95f0-360f6fe1e6c5,Shrey
sigrid,S-155,3766fbcb-c841-4f2f-b085-20a207abfaac,Shrey
sigrid,S-156,8f82e4cf-569e-40fa-b929-a10bb16c754f,Shrey
sigrid,S-157,ecb7329c-8f47-4158-802b-f86c9cf02df6,Shrey
sigrid,S-158,a9ee144e-08a5-42ec-bbb9-9ac8fb4ee1a5,Shrey
sigrid,S-159,ed48b42e-ddde-444d-a6cf-da0b91917bb1,Shrey
sigrid,S-160,85dea1e2-8eda-452d-a601-ad71d7d2d6c4,Shrey
sigrid,S-161,fea85901-d815-4630-afe1-61ab18461f57,Shrey
sigrid,S-162,dc9c07d2-91ca-4a6b-ba14-32fae7056812,Shrey
sigrid,S-163,1b618424-398a-4c25-98ff-f9d9e45acb93,Shrey
sigrid,S-164,863784ce-f4ef-4401-9b02-04b41f1a401b,Shrey
sigrid,S-165,991a8504-95b8-45dd-89ab-328dad2e35be,Shrey
sigrid,S-166,fdaa8e92-0614-4b1a-8a53-cc157a0a5cf0,Shrey
sigrid,S-167,9f16fe0d-70a3-4ad9-ae70-9336173be2df,Shrey
sigrid,S-168,9be21a0c-4886-4a37-be63-cf83d940f3e9,Shrey
sigrid,S-169,6f23bb58-213c-4fa6-83e0-5c81ef5c6fb9,Shrey
sigrid,S-170,dfc5de6a-835e-4d57-bc28-78aee61ed0f9,Shrey
sigrid,S-171,1ea7fcef-014f-4966-bde9-779cc938b83b,Shrey
sigrid,S-172,8726f347-9b87-4276-8a48-45fb58987d95,Shrey
sigrid,S-173,4e62a019-5388-4a67-91d4-f5dc6a35ec86,Shrey
sigrid,S-174,f8a1782a-acbe-4938-b8d4-114c5e7ee6d1,Shrey
sigrid,S-175,2503776a-120d-4b52-b4ca-3ac2a5c8d9cd,Shrey
sigrid,S-176,2503776a-120d-4b52-b4ca-3ac2a5c8d9cd,Shrey
helga,H-12,bb5d7de4-f92b-47cc-b632-81c58d72d1a0,Maddy
helga,H-13,28fc181b-45bb-44bf-84ff-e8241b01dd6d,Maddy
helga,H-14,53cddf86-ff9d-411b-aa8b-3ed053c851bc,Maddy
helga,H-15,ac554308-6a68-4aef-846e-d2f1425796d4,Maddy
helga,H-16,605f7b23-97b3-4c8f-b6a7-ca4518617514,Maddy
helga,H-17,216ed46a-526e-4b42-a7ad-4d49410b21d1,Maddy
helga,H-18,97425e35-d8eb-4552-91d3-8c46f126f896,Maddy
helga,H-19,dcd4501d-0cf6-457c-ba4c-35beb42bbc47,Maddy
helga,H-20,a1c258fc-a1a7-4cd6-bd71-6eaea11940da,Maddy
helga,H-21,6a341ba4-5bbe-4112-ba02-d4ef5972df80,Maddy
helga,H-22,d4bcfe20-e85b-4306-b6e1-8b2a7a37297e,Maddy
helga,H-23,bb64d7f5-8305-436c-9923-6b503d418dcd,Maddy
helga,H-24,bd416593-6dc3-4d41-97e7-18a5938c5d84,Maddy
helga,H-25,6511b0c0-d26a-48e2-acf2-6a6f0dcc7c2d,Maddy
helga,H-26,86a76b04-8c5b-44ab-a802-6cce61be35c5,Maddy
helga,H-27,aa6def5e-db59-40af-ab38-25f0c8973f31,Maddy
helga,H-28,47bc3554-93fb-4d39-9ee6-af600b99dee8,Maddy
helga,H-29,ade926e9-27ee-46c5-a816-dceef6726900,Maddy
helga,H-30,c7ce9361-3ee0-4065-ba7a-528001416170,Maddy
helga,H-31,d307bf6b-9b27-4275-acd8-36b6c80591b0,Maddy
helga,H-32,2876d66e-d4de-498a-8e9b-a5693f7ec0c9,Maddy
helga,H-33,ece502bd-1f03-4392-9a0c-306a7a45f220,Maddy
helga,H-34,dd868255-6a30-4466-ba31-a4566b8a1ff7,Maddy
helga,H-35,88e23da2-ebac-4fe0-a5d2-c3b1992550b5,Maddy
helga,H-36,fdb6d166-ca25-486f-8ce0-fe93e574f878,Maddy
helga,H-37,0fb731c4-1c15-44dc-8fd4-4e0dbf412b3b,Magda
helga,H-38,6262c5f4-8776-4198-828a-2c8215ddf65a,Magda
helga,H-40,27693f78-2259-4272-b5d6-9da8772aa4cc,Maddy
helga,H-45,2508ea8f-3916-4760-8dd0-cefc200c6362,Maddy
helga,H-46,978f3db0-e20f-440c-a4d8-069dae00e710,Maddy
helga,H-47,e8231795-2f7f-4d70-88f2-feefdd001b7c,Maddy
helga,H-48,9be02243-91ce-45b1-beca-8577368a88e5,Maddy
helga,H-49,3d6f4fd8-fff8-4046-af5f-b6d74a6fb21b,Maddy
helga,H-54,7fe58a9e-eb94-4e50-aa3d-1d6d881299ef,Maddy
helga,H-55,e296b38c-db56-4b48-8a9c-fa1ae06e0897,Maddy
helga,H-56,90a967f4-5395-4e3a-adfd-17ad161a3da4,Maddy
helga,H-57,8977746f-4647-4bca-be71-5323cefc267c,Maddy
helga,H-58,36a2906f-06c3-4a7b-b7dc-320446e18d7a,Maddy
helga,H-59,7b94822c-144b-4ed1-bb31-e9b95f7a2aa8,Maddy
helga,H-60,6b68dce1-3ec1-453c-9c47-e8bdd94c3177,Maddy
helga,H-61,50d04540-f727-43bf-9989-fc907ee49b9b,Maddy
helga,H-62,38591a09-8053-4962-a4e5-fb055a9ef09b,Shrey
helga,H-63,5ffe5f9d-f8fa-45ae-94b4-46f0a45deb8d,Shrey
helga,H-64,70b4525e-633d-40ac-b8f8-8217a0f862a2,Shrey
helga,H-65,59a8b98c-07f1-4e42-bb34-1fd3fff195b8,Maddy
helga,H-66,74b8716c-1301-497c-abf0-e7a186faa1fe,Maddy
helga,H-67,13dc85a6-0b08-43b6-a3e3-d33d29bafd4d,Maddy
helga,H-68,c4c6abfa-aadc-41d5-b119-116bb13f524a,Maddy
helga,H-69,b4e990ad-daad-4f29-b8ac-44aad8ae1bb9,Maddy
helga,H-70,0928934b-5486-4b14-9da8-c00ecf19535b,Maddy
helga,H-71,81ea4be3-ec67-4eed-a6be-0a7346b944fc,Maddy
helga,H-72,fff20401-bf91-4f87-856e-5bbd0845f7f4,Maddy
helga,H-73,5500acd6-f45c-45e2-8c93-be683674a475,Maddy
helga,H-74,44f84df5-43be-49e6-87bb-f811af0f4007,Maddy
helga,H-75,6610c25a-f096-4cf4-8aef-17c04ac6dedd,Maddy
helga,H-76,709ae8f8-0691-422c-817d-78b3f9ab520c,Maddy
helga,H-77,1129b82c-5687-4d34-9f94-ea906c08d33c,Maddy
helga,H-78,0e7e4c89-70fa-4ca1-a431-7bd44788284c,Maddy
helga,H-79,a9835e28-f17d-44b9-8d3e-6f532699255f,Maddy
helga,H-80,151ed772-27de-40d0-9bae-42c62901d045,Maddy
helga,H-81,b7084048-2e35-4b5d-b2a7-573ef3055af4,Maddy
helga,H-82,e911e2e4-e4f4-4889-bb29-ba48ee6d6bcb,Maddy
helga,H-83,9783b172-c3bf-48ad-b059-1d2fb09486be,Maddy
helga,H-84,99c7bd43-4ade-4331-a15c-fd7435c1fc15,Maddy
helga,H-85,1f34bd33-0b34-4f21-9a40-aedb4c0e5b10,Maddy
helga,H-86,3da5fe0c-3653-4e68-b59a-a98b5de54eec,Maddy
helga,H-87,c3909b9d-d413-494b-b4af-9d7356c23a13,Maddy
helga,H-88,50e59c70-9e44-4c37-a4bb-4e188a61ea80,Maddy
helga,H-89,6c9d65ab-17fd-4c75-9cde-731f1e6b37cf,Maddy
helga,H-90,d08e9d1d-f36f-4136-b41b-ebad442c9750,Maddy
helga,H-91,abdb2015-246c-4d57-af3e-0a3428b43c35,Maddy
helga,H-92,5b0909bc-b812-42f6-87e4-3a6a7ccba0c1,Maddy
helga,H-93,13471df9-697f-4560-b170-3eb7b42460d1,Magda
helga,H-94,400e80c8-cd3b-43fe-84dd-cd8f9f156ad8,Magda
helga,H-95,e040e742-d2a3-41b9-a171-93d16930f2a7,Maddy
helga,H-97,20e260e6-c422-42f5-bb72-b0ee824410ae,Maddy
helga,H-98,373650dd-9969-4153-a7ee-bfccef6da857,Maddy
helga,H-99,5bcd6483-16e3-4819-89dc-3a157ff7e099,Maddy
helga,H-100,916e0624-9fd2-45bb-acef-d4611478a2d7,Maddy
helga,H-101,53946504-fe5a-4591-892d-2e0e22c9c55d,Maddy
helga,H-102,72407850-04da-48a7-856b-6ac2781baed0,Maddy
helga,H-103,0eea6359-529e-4956-9627-d4dfae0a2541,Maddy
helga,H-104,da866757-624f-4c23-8999-fb3bb430442c,Maddy
helga,H-105,b7b58ee4-4002-4710-a327-cb33e3bf3dde,Maddy
helga,H-106,d1aba3a6-b41a-4962-8a49-768a0c32ec48,Maddy
helga,H-107,6f960d1e-0a17-4dff-b93a-682578fb891e,Maddy
helga,H-108,ea834f5f-7aba-4717-9a17-43bb9c7c2dd7,Maddy
helga,H-109,f81d2e73-760f-435a-9437-31a2bd6997e0,Maddy
helga,H-110,ede676f3-6ce1-4531-9fd2-60a9d288e6dc,Maddy
helga,H-111,d33c79a7-90ac-422e-9627-859b216c3616,Maddy
helga,H-112,ad0dcce4-1a64-4fcf-9063-8e39f1e4fe0f,Maddy
helga,H-113,6a2edc39-ad22-4818-81d2-4bcc57d9bce8,Maddy
helga,H-114,8157c4cf-a849-4d60-8566-11dfb734c77d,Maddy
helga,H-115,8a6cc585-dc3f-46fa-b3bd-6c2db2383582,Maddy
helga,H-116,eaac561a-7c12-4941-9106-783a8a8a7a4a,Maddy
helga,H-117,a382a239-84e5-41ed-b520-11e6176676ab,Maddy
helga,H-118,3157d5db-ec8b-4c8c-ae3e-b20f53ecf922,Maddy
helga,H-119,264f74e0-f8dd-4ef8-8e22-fff0a368150f,Maddy
helga,H-120,8c233353-6334-4df0-bdeb-d3da5fa2f679,Magda
helga,H-121,3ba5f6b9-879f-46d9-a94b-1b3fe850ef63,Maddy
helga,H-122,58a77741-bdec-47c4-b273-a2d38532c31d,Maddy
helga,H-123,03b14186-cf7a-43a9-9226-74241c7fe9eb,Maddy
helga,H-124,e0b69567-97f9-45ed-927b-9e9c98218257,Maddy
helga,H-125,933e8b77-1d4d-4e57-929c-d735a78472e6,Maddy
helga,H-126,0960528e-9fc6-4e08-8de7-2bfdc6c56a1f,Maddy
helga,H-127,1ca900bf-8945-468a-b934-fe9293ca1035,Maddy
helga,H-129,2a46d49c-eee5-4c53-a314-ca9600f6415a,Maddy
helga,H-130,1aa3026f-f0f5-45d6-8523-3e284ec2fe46,Maddy
helga,H-131,3361ec0a-a28f-440c-a26f-352bd292bf84,Maddy
helga,H-132,4b1cc6a5-2271-4705-86dd-cfb8600f9c24,Maddy
helga,H-133,dca2e9bb-ff5b-4ba2-957a-6a70b6547b7e,Maddy
helga,H-135,206011e7-6017-4763-97a2-af78a6198c7c,Maddy
helga,H-136,0cc3bfc1-b533-4fcf-9685-85cbbffa50e0,Maddy
helga,H-137,5131b33b-5ace-445d-a517-51444446b80a,Maddy
helga,H-138,22c2ae08-cdde-4e2e-ba89-b619962798c6,Maddy
helga,H-139,d9cab781-7986-479e-9a7d-e5ee868e35ff,Maddy
helga,H-140,a06496a9-d03d-451b-bfa3-5f1b1ca98356,Maddy
helga,H-141,435dec86-cbab-4316-bb91-0d04c56d01ec,Maddy
helga,H-142,af082f30-6763-43e5-87a2-0ec9f93a951f,Maddy
helga,H-143,f4630b80-5685-4986-9bd8-32e5864046e4,Maddy
helga,H-144,302802bd-7bbe-4852-9833-2bc1f2633fb4,Maddy
helga,H-145,1c4d1f5f-0a64-4abb-b2b4-8cf93c3c34fa,Maddy
helga,H-146,7b0f09f5-9af9-46fd-98dd-70c80a126581,Maddy
helga,H-147,d4b0cc82-b337-4ba4-aa15-6cc3ed3a37a9,Maddy
helga,H-148,23c58b7b-0499-481c-a5cd-6e1aaf943cb4,Maddy
helga,H-149,756fdbc8-1bd9-4457-a90b-df4ae4be866c,Maddy
helga,H-150,e2c5aa6a-d44a-42bb-9ba7-59057a1c5db1,Maddy
helga,H-151,8f9abd32-bf87-472d-9356-7efbd63d24a5,Maddy
helga,H-152,f9d50164-3ce2-4d57-a213-aa0b3aca5b16,Maddy
helga,H-153,831040af-fd83-479b-b6aa-9e309ba14443,Maddy
helga,H-154,7d546a9e-c703-461f-804a-c7503c50c0a1,Maddy
helga,H-155,8a2d9e75-5fd1-4ceb-bf16-34ba7d6a94ad,Maddy
helga,H-156,6ff24c66-6c1a-4e7e-98c2-eb43606a8bb6,Maddy
helga,H-157,b3f5f3fe-d96d-43c8-8a86-eac9f1ba40f9,Maddy
helga,H-158,06d90f53-159f-4447-a213-a68cd9832472,Maddy
